{
  "List Users" : {
    "transaction" : "List Users",
    "sampleCount" : 100,
    "errorCount" : 0,
    "errorPct" : 0.0,
    "meanResTime" : 88.06000000000003,
    "medianResTime" : 56.0,
    "minResTime" : 50.0,
    "maxResTime" : 495.0,
    "pct1ResTime" : 186.6000000000002,
    "pct2ResTime" : 396.9,
    "pct3ResTime" : 494.2299999999996,
    "throughput" : 9.672115291614276,
    "receivedKBytesPerSec" : 17.622140680916917,
    "sentKBytesPerSec" : 1.1995689863623173
  },
  "Total" : {
    "transaction" : "Total",
    "sampleCount" : 300,
    "errorCount" : 1,
    "errorPct" : 0.33333334,
    "meanResTime" : 372.1666666666667,
    "medianResTime" : 61.0,
    "minResTime" : 50.0,
    "maxResTime" : 5645.0,
    "pct1ResTime" : 968.0,
    "pct2ResTime" : 1179.0999999999995,
    "pct3ResTime" : 2391.590000000003,
    "throughput" : 26.148348295999302,
    "receivedKBytesPerSec" : 279.10357129238207,
    "sentKBytesPerSec" : 3.1153305587030418
  },
  "Home Page" : {
    "transaction" : "Home Page",
    "sampleCount" : 100,
    "errorCount" : 1,
    "errorPct" : 1.0,
    "meanResTime" : 944.9899999999999,
    "medianResTime" : 703.0,
    "minResTime" : 572.0,
    "maxResTime" : 5645.0,
    "pct1ResTime" : 1631.1000000000001,
    "pct2ResTime" : 1878.549999999998,
    "pct3ResTime" : 5619.809999999987,
    "throughput" : 8.85661146045523,
    "receivedKBytesPerSec" : 258.258357735143,
    "sentKBytesPerSec" : 0.9600428438579399
  },
  "List User JSON Extractor" : {
    "transaction" : "List User JSON Extractor",
    "sampleCount" : 100,
    "errorCount" : 0,
    "errorPct" : 0.0,
    "meanResTime" : 83.45,
    "medianResTime" : 55.0,
    "minResTime" : 50.0,
    "maxResTime" : 369.0,
    "pct1ResTime" : 277.0000000000013,
    "pct2ResTime" : 344.1499999999996,
    "pct3ResTime" : 368.95,
    "throughput" : 9.659036028204387,
    "receivedKBytesPerSec" : 10.042001714478895,
    "sentKBytesPerSec" : 1.2073795035255481
  }
}